<?xml version="1.0" encoding="UTF-8"?>
<project-private xmlns="http://www.netbeans.org/ns/project-private/1">
    <editor-bookmarks xmlns="http://www.netbeans.org/ns/editor-bookmarks/2" lastBookmarkId="0"/>
    <open-files xmlns="http://www.netbeans.org/ns/projectui-open-files/2">
        <group>
            <file>file:/C:/Users/fabia/Documents/Universidad/III%20Cuatri/Progra_cliente-servidor/Grupo-1_PFA_II-Avance/src/Principal.java</file>
            <file>file:/C:/Users/fabia/Documents/Universidad/III%20Cuatri/Progra_cliente-servidor/Grupo-1_PFA_II-Avance/src/Inventario.java</file>
            <file>file:/C:/Users/fabia/Documents/Universidad/III%20Cuatri/Progra_cliente-servidor/Grupo-1_PFA_II-Avance/src/SubMenu_Inventario.java</file>
        </group>
    </open-files>
</project-private>
